{"cameraMode":{"drawMode":0,"name":"Shaded","section":"Shading Mode"},"sceneLighting":true,"audioPlay":false,"sceneViewState":{"m_AlwaysRefresh":false,"showFog":true,"showSkybox":true,"showFlares":true,"showImageEffects":true,"showParticleSystems":true,"showVisualEffectGraphs":true,"m_FxEnabled":true},"in2DMode":false,"pivot":{"x":302.80645751953127,"y":233.90716552734376,"z":-166.2800750732422},"rotation":{"x":0.010794602334499359,"y":0.05278337374329567,"z":-0.0005671244580298662,"w":0.998552680015564},"size":241.61642456054688,"orthographic":false}